Tag,Post ID,Post Type,Post Date,Post URL,Embedded Videos,Linked Videos,GIFs
qsmp,744828678134956032,text,2024-03-13 09:59:40 GMT,https://www.tumblr.com/blog/view/redraven3093/744828678134956032,0,0,0
qsmp,744828530449399808,text,2024-03-13 09:57:19 GMT,https://www.tumblr.com/blog/view/zoeafunghi/744828530449399808,0,0,0
qsmp,744827839361204224,text,2024-03-13 09:46:20 GMT,https://tastytoastz.tumblr.com/post/744827839361204224,0,0,0
qsmp,744827814660997120,text,2024-03-13 09:45:56 GMT,https://www.tumblr.com/blog/view/choco-youmi/744827814660997120,0,0,0
qsmp,744827146053222400,text,2024-03-13 09:35:19 GMT,https://www.tumblr.com/blog/view/loudgaybug/744827146053222400,0,0,0
qsmp,744826873604947968,text,2024-03-13 09:30:59 GMT,https://www.tumblr.com/blog/view/qsmpjl/744826873604947968,0,0,0
qsmp,744826667014422528,text,2024-03-13 09:27:42 GMT,https://wackytheorist.tumblr.com/post/744826667014422528/wait-why-is-it-first-isnt-everyone-asleep,0,0,0
qsmp,744826463878070272,text,2024-03-13 09:24:28 GMT,https://www.tumblr.com/blog/view/elkralt/744826463878070272,0,0,0
qsmp,744826381875200000,text,2024-03-13 09:23:10 GMT,https://oozblob.tumblr.com/post/744826381875200000/i-wonder-if-someone-is-keeping-track-of-the-number,0,0,0
qsmp,744826204890234880,text,2024-03-13 09:20:21 GMT,https://www.tumblr.com/blog/view/elkralt/744826204890234880,0,0,0
qsmp,744825199800844288,text,2024-03-13 09:04:23 GMT,https://www.tumblr.com/blog/view/thebreadwing/744825199800844288,0,0,0
qsmp,744823702294757376,text,2024-03-13 08:40:35 GMT,https://www.tumblr.com/blog/view/rompantesecreto/744823702294757376,0,0,0
qsmp,744822547075448832,text,2024-03-13 08:22:13 GMT,https://noobsomeexagerjunk.tumblr.com/post/744822547075448832/i-just-came-from-class-what-do-you-mean-i-missed-a,0,0,0
qsmp,744820528621174784,text,2024-03-13 07:50:08 GMT,https://www.tumblr.com/blog/view/bee-dot-exe/744820528621174784,0,0,0
qsmp,744820393370681344,text,2024-03-13 07:47:59 GMT,https://www.tumblr.com/blog/view/bee-dot-exe/744820393370681344,0,0,0
qsmp,744820323431677952,text,2024-03-13 07:46:52 GMT,https://www.tumblr.com/blog/view/6flyingosprey6/744820323431677952,0,0,0
qsmp,744820316734472192,text,2024-03-13 07:46:46 GMT,https://ultra-raging-ghost.tumblr.com/post/744820316734472192/oh-god-weve-been-tpd,0,0,0
qsmp,744820267570855936,text,2024-03-13 07:45:59 GMT,https://www.tumblr.com/blog/view/takethebodymarc/744820267570855936,0,0,0
qsmp,744820264811036673,text,2024-03-13 07:45:56 GMT,https://www.tumblr.com/blog/view/bee-dot-exe/744820264811036673,0,0,0
qsmp,744820183941758976,text,2024-03-13 07:44:39 GMT,https://ultra-raging-ghost.tumblr.com/post/744820183941758976/bhjvbjjbhvb-bad-just-warpstoned-home-me-patiently,0,0,0
caesar,744825193033252864,text,2024-03-13 09:04:16 GMT,https://mabelcurry.tumblr.com/post/744825193033252864/hello-i-dont-know-if-this-is-historically,0,0,0
caesar,744822844171632640,text,2024-03-13 08:26:56 GMT,https://www.tumblr.com/blog/view/silly-little-starry-thoughts/744822844171632640,0,0,0
caesar,744822514484658176,text,2024-03-13 08:21:42 GMT,https://www.tumblr.com/blog/view/usa-blog-2025/744822514484658176,0,0,0
caesar,744796159169740800,text,2024-03-13 01:22:47 GMT,https://graphicpolicy.tumblr.com/post/744796159169740800/diamond-select-toys-on-sale-now-gandalf,0,0,0
caesar,744792926781145088,text,2024-03-13 00:31:25 GMT,https://www.tumblr.com/blog/view/stumblegrounds/744792926781145088,0,0,0
caesar,744679378032656384,text,2024-03-11 18:26:36 GMT,https://www.tumblr.com/blog/view/rickysnotes/744679378032656384,0,0,0
caesar,744678435985702912,text,2024-03-11 18:11:38 GMT,https://www.tumblr.com/blog/view/rickysnotes/744678435985702912,0,0,0
caesar,744673484071927808,text,2024-03-11 16:52:55 GMT,https://ancientorigins.tumblr.com/post/744673484071927808/coin-reveals-ancient-romes-fight-against-voter,0,0,0
caesar,744586090344775680,text,2024-03-10 17:43:50 GMT,https://1990strashbin.tumblr.com/post/744586090344775680,0,0,0
caesar,744311245214187520,text,2024-03-07 16:55:17 GMT,https://dragongirldg.tumblr.com/post/744311245214187520/its-almost-time-for-the-clown-to-die,0,0,0
caesar,744199517221666816,text,2024-03-06 11:19:25 GMT,https://www.tumblr.com/blog/view/cherrygazette/744199517221666816,0,0,0
caesar,744153412019650560,text,2024-03-05 23:06:36 GMT,https://sparrow3333.tumblr.com/post/744153412019650560/i-feel-like-nows-a-good-time-to-post-this-study-i,0,0,0
caesar,744090217454223360,text,2024-03-05 06:22:09 GMT,https://squishy-lemons.tumblr.com/post/744090217454223360/time-for-a-fucking-salad,0,0,0
caesar,744040214420455424,text,2024-03-04 17:07:22 GMT,https://bradykettle.tumblr.com/post/744040214420455424/crab-caesar-salad-sundaysupper-for-two,0,0,0
caesar,744040112832315392,text,2024-03-04 17:05:45 GMT,https://hq-fantasies.tumblr.com/post/744040112832315392/greek-chicken-gyro-caesar-salad,0,0,0
caesar,743908305015029760,link,2024-03-03 06:10:42 GMT,https://tosinger.tumblr.com/post/743908305015029760/part-one-was-jesus-a-liberal-progressive-jesus,0,0,0
caesar,743859039399772160,text,2024-03-02 17:07:40 GMT,https://jaicourtneyfan.tumblr.com/post/743859039399772160/chicken-caesar-wraps,0,0,0
caesar,743847723000823808,text,2024-03-02 14:07:48 GMT,https://ancientorigins.tumblr.com/post/743847723000823808/two-napoleons-the-french-caesars-of-modern,0,0,0
caesar,743847304316010496,text,2024-03-02 14:01:09 GMT,https://spockvarietyhour.tumblr.com/post/743847304316010496,0,0,4
caesar,743835988464418816,text,2024-03-02 11:01:17 GMT,https://www.tumblr.com/blog/view/pnpc/743835988464418816,0,0,0
julius caesar,744827686038421504,text,2024-03-13 09:43:54 GMT,https://www.tumblr.com/blog/view/im-secretly-a-frog/744827686038421504,0,0,0
julius caesar,744827669390278656,text,2024-03-13 09:43:38 GMT,https://www.tumblr.com/blog/view/the-cereal-simp/744827669390278656,0,0,0
julius caesar,744824115749437440,text,2024-03-13 08:47:09 GMT,https://healthyfungi.tumblr.com/post/744824115749437440/happy-early-ides-of-march-sorry-if-brutus-looks,0,0,0
julius caesar,744822844171632640,text,2024-03-13 08:26:56 GMT,https://www.tumblr.com/blog/view/silly-little-starry-thoughts/744822844171632640,0,0,0
julius caesar,744822514484658176,text,2024-03-13 08:21:42 GMT,https://www.tumblr.com/blog/view/usa-blog-2025/744822514484658176,0,0,0
julius caesar,744819571321716736,text,2024-03-13 07:34:55 GMT,https://thewholeproblem.tumblr.com/post/744819571321716736/omg-its-that-time-of-the-year-again,0,0,0
julius caesar,744819554157527040,text,2024-03-13 07:34:39 GMT,https://www.tumblr.com/blog/view/boldlygoingtohell/744819554157527040,0,0,0
julius caesar,744819034397229056,text,2024-03-13 07:26:23 GMT,https://www.tumblr.com/blog/view/techtow/744819034397229056,0,0,0
julius caesar,744817512287485952,text,2024-03-13 07:02:11 GMT,https://earlgrey24.tumblr.com/post/744817512287485952/started-pre-gaming-for-the-ides,0,0,0
julius caesar,744817373032366080,text,2024-03-13 06:59:59 GMT,https://www.tumblr.com/blog/view/devis-nonsense-n-shitposting/744817373032366080,0,0,0
julius caesar,744809623498932224,text,2024-03-13 04:56:48 GMT,https://www.tumblr.com/blog/view/echoofwinter/744809623498932224,0,0,0
julius caesar,744802283724947456,text,2024-03-13 03:00:08 GMT,https://brokendarkfairyempressforever.tumblr.com/post/744802283724947456/guys-i-take-latin-so-if-you-see-bursts-of-ceaser,0,0,0
julius caesar,744799209177415680,text,2024-03-13 02:11:16 GMT,https://www.tumblr.com/blog/view/azzies-masterpiece/744799209177415680,0,0,0
julius caesar,744799121758650368,text,2024-03-13 02:09:53 GMT,https://www.tumblr.com/blog/view/aryesdanger24/744799121758650368,0,0,2
julius caesar,744788622008631296,text,2024-03-12 23:22:59 GMT,https://countesspetofi.tumblr.com/post/744788622008631296/in-honor-of-the-stabbing-season-i-humbly-share,0,0,0
julius caesar,744783263246221312,text,2024-03-12 21:57:49 GMT,https://stephaniestarshine.tumblr.com/post/744783263246221312/so-sometime-over-this-last-weekend-my-boyfriend,0,0,0
julius caesar,744779124219985921,text,2024-03-12 20:52:02 GMT,https://www.tumblr.com/blog/view/jeannefostergoriot/744779124219985921,0,0,0
julius caesar,744773018595753984,text,2024-03-12 19:14:59 GMT,https://www.tumblr.com/blog/view/sickly-victorian-boy/744773018595753984,0,0,0
julius caesar,744772250807468032,text,2024-03-12 19:02:47 GMT,https://airprime7.tumblr.com/post/744772250807468032/all-tumblr-users-with-more-than-2-one-piece-hats,0,0,0
julius caesar,744761732876140544,text,2024-03-12 16:15:36 GMT,https://quinchronicles.tumblr.com/post/744761732876140544/considering-that-the-ides-of-march-is-in-a-few,0,0,0
omar rudberg,744820460696518656,answer,2024-03-13 07:49:03 GMT,https://emberc.tumblr.com/post/744820460696518656/omar-on-gayasspodcast,0,0,0
omar rudberg,744819482987495424,text,2024-03-13 07:33:31 GMT,https://www.tumblr.com/blog/view/moonepiphany-shitposts/744819482987495424,0,0,0
omar rudberg,744812939892113408,answer,2024-03-13 05:49:31 GMT,https://www.tumblr.com/blog/view/omarera/744812939892113408,0,0,0
omar rudberg,744812366206812160,answer,2024-03-13 05:40:24 GMT,https://www.tumblr.com/blog/view/kruemel8/744812366206812160,0,0,0
omar rudberg,744812297617391616,answer,2024-03-13 05:39:18 GMT,https://www.tumblr.com/blog/view/kruemel8/744812297617391616,0,0,0
omar rudberg,744794002715459584,text,2024-03-13 00:48:31 GMT,https://www.tumblr.com/blog/view/resipsaloquitace/744794002715459584,0,0,0
omar rudberg,744793915595554816,text,2024-03-13 00:47:08 GMT,https://www.tumblr.com/blog/view/idkeither223/744793915595554816,0,0,0
omar rudberg,744793128542797824,text,2024-03-13 00:34:37 GMT,https://www.tumblr.com/blog/view/idkeither223/744793128542797824,0,0,0
omar rudberg,744789848212324352,text,2024-03-12 23:42:29 GMT,https://theaviatorthatcouldnotfly.tumblr.com/post/744789848212324352/104-303,0,0,2
omar rudberg,744787600227844096,text,2024-03-12 23:06:45 GMT,https://omarmix.tumblr.com/post/744787600227844096/interview-with-omar-edvin-and-lisa-with,1,0,0
omar rudberg,744782027807735808,text,2024-03-12 21:38:11 GMT,https://snallavanta.tumblr.com/post/744782027807735808/its-so-funny-how-edvins-one-is-so-poetic-and,0,0,0
omar rudberg,744779977864740864,text,2024-03-12 21:05:36 GMT,https://www.tumblr.com/blog/view/sophiexauthor/744779977864740864,0,0,0
omar rudberg,744778117297635328,answer,2024-03-12 20:36:01 GMT,https://edvinception.tumblr.com/post/744778117297635328/malte-and-nikita-did-efter-fem-yesterday-not,0,0,0
omar rudberg,744776505584943104,answer,2024-03-12 20:10:24 GMT,https://inthisdarktime.tumblr.com/post/744776505584943104/mod-do-you-speak-swedish-if-you-do-can-you-tell,0,0,0
omar rudberg,744775681184071680,text,2024-03-12 19:57:18 GMT,https://www.tumblr.com/blog/view/brownbitchshit/744775681184071680,0,0,0
omar rudberg,744775161596755968,answer,2024-03-12 19:49:03 GMT,https://www.tumblr.com/blog/view/omarera/744775161596755968,0,0,0
omar rudberg,744772436817575936,text,2024-03-12 19:05:44 GMT,https://mintycurry.tumblr.com/post/744772436817575936/oh-he-knows-exactly-what-he-is-doing,0,0,0
omar rudberg,744772057157517312,answer,2024-03-12 18:59:42 GMT,https://www.tumblr.com/blog/view/kruemel8/744772057157517312,0,0,0
omar rudberg,744771991566991360,answer,2024-03-12 18:58:39 GMT,https://edvinception.tumblr.com/post/744771991566991360/httpswwwinstagramcomstorieslinnearoxeheim33,0,0,0
omar rudberg,744771793434394624,text,2024-03-12 18:55:30 GMT,https://www.tumblr.com/blog/view/kruemel8/744771793434394624,0,0,2
edvin ryding,744826832756604928,answer,2024-03-13 09:30:20 GMT,https://emberc.tumblr.com/post/744826832756604928/hi-there-i-already-lost-track-about-all-the,0,0,0
edvin ryding,744819482987495424,text,2024-03-13 07:33:31 GMT,https://www.tumblr.com/blog/view/moonepiphany-shitposts/744819482987495424,0,0,0
edvin ryding,744817512828502016,text,2024-03-13 07:02:12 GMT,https://www.tumblr.com/blog/view/spotlight-handler/744817512828502016,0,0,0
edvin ryding,744794961205215232,text,2024-03-13 01:03:45 GMT,https://grapehyasynth.tumblr.com/post/744794961205215232/his-single-tear-here-broke-me,0,0,0
edvin ryding,744794002715459584,text,2024-03-13 00:48:31 GMT,https://www.tumblr.com/blog/view/resipsaloquitace/744794002715459584,0,0,0
edvin ryding,744793915595554816,text,2024-03-13 00:47:08 GMT,https://www.tumblr.com/blog/view/idkeither223/744793915595554816,0,0,0
edvin ryding,744793128542797824,text,2024-03-13 00:34:37 GMT,https://www.tumblr.com/blog/view/idkeither223/744793128542797824,0,0,0
edvin ryding,744789848212324352,text,2024-03-12 23:42:29 GMT,https://theaviatorthatcouldnotfly.tumblr.com/post/744789848212324352/104-303,0,0,2
edvin ryding,744787600227844096,text,2024-03-12 23:06:45 GMT,https://omarmix.tumblr.com/post/744787600227844096/interview-with-omar-edvin-and-lisa-with,1,0,0
edvin ryding,744782027807735808,text,2024-03-12 21:38:11 GMT,https://snallavanta.tumblr.com/post/744782027807735808/its-so-funny-how-edvins-one-is-so-poetic-and,0,0,0
edvin ryding,744779977864740864,text,2024-03-12 21:05:36 GMT,https://www.tumblr.com/blog/view/sophiexauthor/744779977864740864,0,0,0
edvin ryding,744778117297635328,answer,2024-03-12 20:36:01 GMT,https://edvinception.tumblr.com/post/744778117297635328/malte-and-nikita-did-efter-fem-yesterday-not,0,0,0
edvin ryding,744777677425246208,text,2024-03-12 20:29:02 GMT,https://www.tumblr.com/blog/view/kruemel8/744777677425246208,0,0,0
edvin ryding,744777182883233792,answer,2024-03-12 20:21:10 GMT,https://emberc.tumblr.com/post/744777182883233792/edvin-and-lisa-visited-morgonstudion-this-morning,0,0,0
edvin ryding,744776788748713984,answer,2024-03-12 20:14:54 GMT,https://emberc.tumblr.com/post/744776788748713984/omfg-he-looks-so-good-i-love-the-outfit,0,0,0
edvin ryding,744776505584943104,answer,2024-03-12 20:10:24 GMT,https://inthisdarktime.tumblr.com/post/744776505584943104/mod-do-you-speak-swedish-if-you-do-can-you-tell,0,0,0
edvin ryding,744775681184071680,text,2024-03-12 19:57:18 GMT,https://www.tumblr.com/blog/view/brownbitchshit/744775681184071680,0,0,0
edvin ryding,744775161596755968,answer,2024-03-12 19:49:03 GMT,https://www.tumblr.com/blog/view/omarera/744775161596755968,0,0,0
edvin ryding,744772005738512384,answer,2024-03-12 18:58:53 GMT,https://edvinception.tumblr.com/post/744772005738512384/edvin-is-so-adorable-even-when-hes-being-serious,0,0,0
edvin ryding,744771793434394624,text,2024-03-12 18:55:30 GMT,https://www.tumblr.com/blog/view/kruemel8/744771793434394624,0,0,2
unicorn,744822309900156928,text,2024-03-13 08:18:27 GMT,https://www.tumblr.com/blog/view/fanpixers/744822309900156928,0,0,0
unicorn,744814201164431360,text,2024-03-13 06:09:34 GMT,https://aikoandtherabbitsden.tumblr.com/post/744814201164431360/i-almost-forgot-heres-my-unicorns-alicorn,0,0,0
unicorn,744799686529089536,text,2024-03-13 02:18:51 GMT,https://ask-starlight-gamers-club.tumblr.com/post/744799686529089536/old-oc-came-back,0,0,0
unicorn,744788190583455744,text,2024-03-12 23:16:08 GMT,https://littlepaperforest.tumblr.com/post/744788190583455744/a-very-cute-mythical-horse-commission-i-had-the,0,0,0
unicorn,744785649924767744,text,2024-03-12 22:35:45 GMT,https://www.tumblr.com/blog/view/fagust/744785649924767744,0,0,0
unicorn,744783389118365696,text,2024-03-12 21:59:49 GMT,https://desertg.tumblr.com/post/744783389118365696/jcdesignsbyjac3d-etsy,0,0,0
unicorn,744770468510416896,text,2024-03-12 18:34:27 GMT,https://www.tumblr.com/blog/view/sophiejanefostersilver/744770468510416896,0,0,0
unicorn,744768978914787328,text,2024-03-12 18:10:46 GMT,https://www.tumblr.com/blog/view/mspaintpuppy/744768978914787328,0,0,0
unicorn,744768488019820544,text,2024-03-12 18:02:58 GMT,https://www.tumblr.com/blog/view/fr33me/744768488019820544,0,0,0
unicorn,744765707328307200,text,2024-03-12 17:18:46 GMT,https://theboarsbride.tumblr.com/post/744765707328307200/the-unicorn-wearing-a-maidens-skin,0,0,0
unicorn,744762921106784256,text,2024-03-12 16:34:29 GMT,https://chippythedog.tumblr.com/post/744762921106784256,0,0,1
unicorn,744758946194243584,text,2024-03-12 15:31:18 GMT,https://dragon-inc.tumblr.com/post/744758946194243584,0,0,0
unicorn,744749479398408192,text,2024-03-12 13:00:50 GMT,https://askmovieslate.tumblr.com/post/744749479398408192/the-predator-is-like-the-absolute,0,0,0
unicorn,744737213071376384,text,2024-03-12 09:45:52 GMT,https://onetwothree-teehee.tumblr.com/post/744737213071376384/amores-como-el-nuestro-quedan-ya-muy-pocos,0,0,0
unicorn,744732481889222656,text,2024-03-12 08:30:40 GMT,https://www.tumblr.com/blog/view/i-speak-for-the-star-child/744732481889222656,0,0,0
unicorn,744729682388369408,text,2024-03-12 07:46:10 GMT,https://www.tumblr.com/blog/view/lyrajanecd/744729682388369408,0,0,0
unicorn,744729645839155200,text,2024-03-12 07:45:35 GMT,https://www.tumblr.com/blog/view/lyrajanecd/744729645839155200,0,0,0
unicorn,744715346280398848,text,2024-03-12 03:58:18 GMT,https://skippylynn.tumblr.com/post/744715346280398848,0,0,0
unicorn,744705008353918976,text,2024-03-12 01:13:59 GMT,https://wildwithlight.tumblr.com/post/744705008353918976,0,0,0
unicorn,744700929331331072,text,2024-03-12 00:09:09 GMT,https://quinty-imara.tumblr.com/post/744700929331331072/drew-myself-a-new-refrence,0,0,0
mlp,744827959659069440,text,2024-03-13 09:48:15 GMT,https://www.tumblr.com/blog/view/foxkid-draws1323/744827959659069440,0,0,0
mlp,744827477084536832,text,2024-03-13 09:40:35 GMT,https://danms-paint.tumblr.com/post/744827477084536832/guys-i-need-things-to-draw-i-wana-draw-silly,0,0,0
mlp,744824686702149632,text,2024-03-13 08:56:13 GMT,https://askometa.tumblr.com/post/744824686702149632/heres-tia-i-was-also-asked-to-draw-flurry-what,0,0,0
mlp,744824308430422016,text,2024-03-13 08:50:13 GMT,https://www.tumblr.com/blog/view/mayngantuk/744824308430422016,0,0,0
mlp,744823342037712896,text,2024-03-13 08:34:51 GMT,https://b1babuba.tumblr.com/post/744823342037712896/i-was-going-to-redesign-all-main-g5-ponies-but,0,0,0
mlp,744815777214038016,text,2024-03-13 06:34:37 GMT,https://www.tumblr.com/blog/view/stupi-stupidcat/744815777214038016,0,0,0
mlp,744815391504842752,text,2024-03-13 06:28:29 GMT,https://www.tumblr.com/blog/view/saa-applejack/744815391504842752,0,0,0
mlp,744814058731159552,text,2024-03-13 06:07:18 GMT,https://copiasjuicebox.tumblr.com/post/744814058731159552/mlp-is-trending-on-tumblr,0,0,0
mlp,744813602536554496,answer,2024-03-13 06:00:03 GMT,https://sister-world.tumblr.com/post/744813602536554496/how-did-you-two-first-meet-and-what-made-you-fall,0,0,0
mlp,744812882636783616,text,2024-03-13 05:48:36 GMT,https://chari-hug.tumblr.com/post/744812882636783616/ive-gained-an-hyperfix-with-mlp-after-it-leaving,0,0,0
mlp,744812807916240896,text,2024-03-13 05:47:25 GMT,https://thatgingerloser.tumblr.com/post/744812807916240896/hey-everypony-how-would-you-design-a-pony-walking,0,0,0
mlp,744811919904473088,answer,2024-03-13 05:33:18 GMT,https://sister-world.tumblr.com/post/744811919904473088/give-u-a-banan,0,0,0
mlp,744811034622214144,video,2024-03-13 05:19:14 GMT,https://sleepylion.tumblr.com/post/744811034622214144/you-hired-me-three-years-ago-mlp-fanfiction,0,0,0
mlp,744810730881187840,text,2024-03-13 05:14:24 GMT,https://bonnboncake.tumblr.com/post/744810730881187840,0,0,0
mlp,744809989130027008,text,2024-03-13 05:02:37 GMT,https://pingledoofus.tumblr.com/post/744809989130027008/im-not-scared-of-change-but-i-am-scared-of-the,0,0,0
mlp,744809956594892800,video,2024-03-13 05:02:06 GMT,https://sleepylion.tumblr.com/post/744809956594892800/pony-tales-mlp-fanfic-i-dont-like-the-drugs,0,0,0
mlp,744808740198531072,text,2024-03-13 04:42:46 GMT,https://chobbledogs.tumblr.com/post/744808740198531072/welcome,0,0,0
mlp,744808678755106816,text,2024-03-13 04:41:47 GMT,https://nopony-ask-mclovin.tumblr.com/post/744808678755106816/just-like-their-honeymoon,0,0,1
mlp,744807963639808000,text,2024-03-13 04:30:25 GMT,https://majorlymilk12.tumblr.com/post/744807963639808000/sun-in-my-little-pony,0,0,1
mlp,744807078351273984,text,2024-03-13 04:16:21 GMT,https://www.tumblr.com/blog/view/insomniiuh/744807078351273984,0,0,0
lgbtq,132546997974,photo,2015-11-04 18:01:08 GMT,https://mykidsgay.tumblr.com/post/132546997974/the-letter-i-wish-i-wrote-when-i-came-out-back-in,0,0,0
lgbtq,132359800687,photo,2015-11-01 21:40:16 GMT,https://thetrevorproject.tumblr.com/post/132359800687/we-lgbtqhistorymonth-ends-we-honor-transgender,0,0,0
lgbtq,132432530540,link,2015-11-02 22:40:08 GMT,https://thetrevorproject.tumblr.com/post/132432530540/22-stunning-queer-photography-projects-showcasing,0,0,0
lgbtq,132474043204,link,2015-11-03 15:00:18 GMT,https://gaywrites.org/post/132474043204/its-election-day-and-all-eyes-are-on-hero,0,0,0
lgbtq,131886148365,link,2015-10-25 16:20:28 GMT,https://thetrevorproject.tumblr.com/post/131886148365/ace-inclusion-guide-for-high-schools-asexual,0,0,0
lgbtq,131892134565,link,2015-10-25 18:00:29 GMT,https://gaywrites.org/post/131892134565/france-now-recognizes-a-legal-third-gender-for,0,0,0
lgbtq,131959111376,quote,2015-10-26 17:01:16 GMT,https://mykidsgay.tumblr.com/post/131959111376/a-huge-component-of-many-intersex-kids-experience,0,0,0
lgbtq,131684351425,photo,2015-10-22 14:00:15 GMT,https://gaywrites.org/post/131684351425/we-both-are-in-the-middle-and-nobody-teases-us,0,0,0
lgbtq,131572186540,quote,2015-10-20 20:00:10 GMT,https://everyoneisgay.tumblr.com/post/131572186540/thinking-about-my-gender-identity-and-my-sexual,0,0,0
lgbtq,131705122747,link,2015-10-22 21:00:29 GMT,https://buzzfeed.tumblr.com/post/131705122747/this-is-what-its-like-to-be-an-lgbt-syrian,0,0,0
lgbtq,100168806849,photo,2014-10-16 17:00:00 GMT,https://wertheyouth-blog.tumblr.com/post/100168806849/today-is-glaads-spiritday-where-people-are,0,0,0
lgbtq,130357178956,photo,2015-10-02 21:06:54 GMT,https://thefoxfisher.tumblr.com/post/130357178956,0,1,0
lgbtq,130975254074,link,2015-10-11 21:40:29 GMT,https://thetrevorproject.tumblr.com/post/130975254074/national-coming-out-day-before-you-leave-the,0,0,0
lgbtq,130517307103,link,2015-10-05 01:20:37 GMT,https://haveagaydayorg.tumblr.com/post/130517307103/the-gender-playbook,0,0,0
lgbtq,129038638130,link,2015-09-14 01:20:08 GMT,https://biandlesbianliterature.tumblr.com/post/129038638130/trans-books-by-trans-authors-35-books,0,0,0
lgbtq,130063306792,text,2015-09-28 14:55:50 GMT,https://everyoneisgay.tumblr.com/post/130063306792/doin-it-worries,0,0,0
lgbtq,129855530988,text,2015-09-25 17:14:31 GMT,https://dazeddigital.tumblr.com/post/129855530988/five-lgbt-films-to-watch-instead-of-stonewall,0,0,0
lgbtq,129864953799,photo,2015-09-25 20:08:19 GMT,https://thetrevorproject.tumblr.com/post/129864953799/to-demonstrate-support-of-the-first-pope-who,0,0,0
lgbtq,129720223277,photo,2015-09-23 17:24:36 GMT,https://lavvie55.tumblr.com/post/129720223277/via-top-12-podcasts-hosted-by-queer-women-for,0,0,0
lgbtq,129703565560,photo,2015-09-23 11:10:30 GMT,https://whynotbothco.tumblr.com/post/129703565560/happy-bisexual-visibility-day,0,0,0
oliver stark,744826688327827456,text,2024-03-13 09:28:02 GMT,https://www.tumblr.com/blog/view/fionaswhvre/744826688327827456,0,0,0
oliver stark,744823888792387584,text,2024-03-13 08:43:32 GMT,https://tinglingpeter.tumblr.com/post/744823888792387584/oliver-stark,0,0,0
oliver stark,744822354380734464,text,2024-03-13 08:19:09 GMT,https://deluweil.tumblr.com/post/744822354380734464/people-are-joking-about-abc-realizing-why-fox-put,0,0,0
oliver stark,744811787498782720,text,2024-03-13 05:31:12 GMT,https://survivoreddie.tumblr.com/post/744811787498782720/season-7-premiere-event-promo,0,0,0
oliver stark,744809021062709248,text,2024-03-13 04:47:14 GMT,https://monsterrae1.tumblr.com/post/744809021062709248/slutty-ryan-and-oliver-wallpapers,0,0,0
oliver stark,744805648110387200,answer,2024-03-13 03:53:37 GMT,https://buddieisgoingcanon2024.tumblr.com/post/744805648110387200/on-the-subject-of-cliffhangers-gonna-be-honest,0,0,0
oliver stark,744799483602272256,text,2024-03-13 02:15:38 GMT,https://buddiesource.tumblr.com/post/744799483602272256/oliver-ryan-at-the-9-1-1-season-7-premiere-party,0,0,0
oliver stark,744792243671531520,text,2024-03-13 00:20:33 GMT,https://suavecitodiaz.tumblr.com/post/744792243671531520/he-is-us-texasbama,0,0,0
oliver stark,744791070857166848,text,2024-03-13 00:01:55 GMT,https://911onabc.com/post/744791070857166848/at-this-point-they-should-just-let-ryan-and-oliver,0,0,0
oliver stark,744789509880922112,text,2024-03-12 23:37:06 GMT,https://queerbuck.tumblr.com/post/744789509880922112,0,0,0
oliver stark,744789357086523392,text,2024-03-12 23:34:40 GMT,https://911bts.tumblr.com/post/744789357086523392/9-1-1s-oliver-stark-teases-a-crossover-with,0,0,0
oliver stark,744789279451054080,text,2024-03-12 23:33:26 GMT,https://loveyourownsmiilee.tumblr.com/post/744789279451054080/oliver-keep-it-coming-x,0,0,0
oliver stark,744789179899281408,text,2024-03-12 23:31:51 GMT,https://carrierofthepaperclips.tumblr.com/post/744789179899281408/one-part-of-me-i-love-that-they-are-showing,0,0,0
oliver stark,744788671134318592,text,2024-03-12 23:23:46 GMT,https://emmy-likes-attention.tumblr.com/post/744788671134318592/damn-i-sure-have-missed-having-a-good-queer-bait,0,0,0
oliver stark,744781997336100864,text,2024-03-12 21:37:42 GMT,https://loveyourownsmiilee.tumblr.com/post/744781997336100864/when-asked-about-buddie-this-season-ryan-well,0,0,0
oliver stark,744781897931096064,text,2024-03-12 21:36:07 GMT,https://buddieblr.tumblr.com/post/744781897931096064/the-difference-between-oliver-and-ryan-is-that,0,0,0
oliver stark,744781772036898816,text,2024-03-12 21:34:07 GMT,https://www.tumblr.com/blog/view/tarlos911/744781772036898816,0,0,0
oliver stark,744781205952659456,text,2024-03-12 21:25:07 GMT,https://elenaazra.tumblr.com/post/744781205952659456/i-didnt-think-id-say-this-but-abc-please-slow,0,0,0
oliver stark,744780265752330240,text,2024-03-12 21:10:10 GMT,https://911bts.tumblr.com/post/744780265752330240,0,0,0
oliver stark,744773383799078912,text,2024-03-12 19:20:47 GMT,https://loveyourownsmiilee.tumblr.com/post/744773383799078912/oliver-sharing-this-to-his-story,0,0,0
mixed media,744825721984352256,text,2024-03-13 09:12:41 GMT,https://www.tumblr.com/blog/view/xxgoreslave/744825721984352256,0,0,0
mixed media,744825590702571520,text,2024-03-13 09:10:36 GMT,https://www.tumblr.com/blog/view/cringecat69/744825590702571520,0,0,0
mixed media,744814705111187456,text,2024-03-13 06:17:34 GMT,https://wweeird.tumblr.com/post/744814705111187456/mazzy-star-fade-into-you-mixed-signals,0,0,0
mixed media,744812506337378304,text,2024-03-13 05:42:37 GMT,https://sleepyhead2.tumblr.com/post/744812506337378304/my-megan-thee-stallion-collage,0,0,0
mixed media,744811760059564032,text,2024-03-13 05:30:46 GMT,https://tw1nkst4r.tumblr.com/post/744811760059564032/first-contact-20122023-screenshot-of-my-first,0,0,0
mixed media,744811309366919168,text,2024-03-13 05:23:36 GMT,https://tw1nkst4r.tumblr.com/post/744811309366919168/lipstick-triptych-by-me-digital-mixed-media,0,0,0
mixed media,744811134892261376,text,2024-03-13 05:20:49 GMT,https://tw1nkst4r.tumblr.com/post/744811134892261376/self-portrait-banana-from-chiquito,0,0,0
mixed media,744806181714952192,text,2011-04-17 03:58:00 GMT,https://uglyconvention.com/post/744806181714952192/thats-exploitation-red-flag-2011-collage,0,0,0
mixed media,744805917307076608,text,1991-04-18 03:54:00 GMT,https://uglyconvention.com/post/744805917307076608/pigs-wigs-1991-colored-pencils-oil-pastels-and,0,0,0
mixed media,744803907741646848,text,2019-07-28 03:22:00 GMT,https://uglyconvention.com/post/744803907741646848/blue-angel-rising-orange-glob-2019-collage,0,0,0
mixed media,744801552721657856,text,2024-03-13 02:48:31 GMT,https://taocom.tumblr.com/post/744801552721657856/red-lake-gold-dokumenta-rx-wip-usual-ghost,0,0,0
mixed media,744796122514636800,text,2024-03-13 01:22:12 GMT,https://killyridols.tumblr.com/post/744796122514636800/woven-mirrors-iii-by-emma-safir-2022-digital,0,0,0
mixed media,744795494315966464,text,2011-04-17 01:08:00 GMT,https://uglyconvention.com/post/744795494315966464/struggle-develop-evolve-2011-collage-acrylic,0,0,0
mixed media,744794783055314944,text,2024-03-13 01:00:55 GMT,https://social-nuisance.tumblr.com/post/744794783055314944/im-always-alone,0,0,0
mixed media,744794711282286592,text,2024-03-13 00:59:47 GMT,https://joyfulart.tumblr.com/post/744794711282286592/katie-cake-mixed-media-on-paper-march-2024,0,0,0
mixed media,744794191831416833,text,2024-03-13 00:51:31 GMT,https://www.tumblr.com/blog/view/obviouspotion/744794191831416833,0,0,0
mixed media,744793367766007808,text,2016-10-09 00:33:00 GMT,https://uglyconvention.com/post/744793367766007808/slam-dunk-white-2016-collage-inkjet-print,0,0,0
mixed media,744792968279490560,text,2013-11-11 01:29:00 GMT,https://uglyconvention.com/post/744792968279490560/730-squirt-2013-collage-watercolor-and-pencil,0,0,0
mixed media,744784770675982336,text,2024-03-12 22:21:47 GMT,https://www.tumblr.com/blog/view/pulcella-lulu/744784770675982336,0,0,0
mixed media,744783184066199552,text,2024-03-12 21:56:33 GMT,https://okaythanksmaria.tumblr.com/post/744783184066199552/good-time-by-okaythanksmaria-shop-prints,0,0,0
critical role,744828623465447424,text,2024-03-13 09:58:48 GMT,https://glossolali.tumblr.com/post/744828623465447424/yoooo-the-artist-posted-the-full-size-boi-gn,0,0,0
critical role,744823940936024064,text,2024-03-13 08:44:22 GMT,https://virelai-16.tumblr.com/post/744823940936024064/daggerheart-experience-system-is-so-ripe-for,0,0,0
critical role,744821156659527680,text,2024-03-13 08:00:07 GMT,https://www.tumblr.com/blog/view/foundfamilynonsense/744821156659527680,0,0,0
critical role,744819288988418048,text,2024-03-13 07:30:26 GMT,https://www.tumblr.com/blog/view/exandrian-moonlight/744819288988418048,0,0,0
critical role,744818430107140096,text,2024-03-13 07:16:47 GMT,https://talesandfluff.tumblr.com/post/744818430107140096/breaking-news-the-girls-are-crushing-on-the,0,0,0
critical role,744817450434150400,text,2024-03-13 07:01:12 GMT,https://middimidoris.tumblr.com/post/744817450434150400/liam-tonight-during-daggerheart,0,0,2
critical role,744815540637499392,text,2024-03-13 06:30:51 GMT,https://amplexadversary.tumblr.com/post/744815540637499392/i-just-saw-a-4sd-clip-that-makes-me-wish-i-had-a,0,0,0
critical role,744815138231730176,text,2024-03-13 06:24:27 GMT,https://triaelf9.tumblr.com/post/744815138231730176/new-game-new-game,0,0,0
critical role,744814916492492800,text,2024-03-13 06:20:56 GMT,https://notraylen.tumblr.com/post/744814916492492800,0,0,0
critical role,744814748334440448,text,2024-03-13 06:18:15 GMT,https://sparring-spirals.tumblr.com/post/744814748334440448/i-dont-have-enough-confidence-in-my-knowledge-of,0,0,0
critical role,744814617558188032,text,2024-03-13 06:16:11 GMT,https://www.tumblr.com/blog/view/iwilltryalittlearter/744814617558188032,0,0,0
critical role,744814571025530880,text,2024-03-13 06:15:26 GMT,https://space-qu33n.tumblr.com/post/744814571025530880/god-i-really-hope-they-come-back-to-this-sometime,0,0,0
critical role,744814262958063617,text,2024-03-13 06:10:33 GMT,https://suaimhneas-gairid.tumblr.com/post/744814262958063617/his-bits,0,0,0
critical role,744814228060405760,text,2024-03-13 06:09:59 GMT,https://josephkeller.tumblr.com/post/744814228060405760/daggerheart-crits-are-nasty-it-should-also-be,0,0,0
critical role,744813873390092288,text,2024-03-13 06:04:21 GMT,https://its-your-mind.tumblr.com/post/744813873390092288/bells-hells-as-textposts-37,0,0,0
critical role,744813157066915840,text,2024-03-13 05:52:58 GMT,https://sparring-spirals.tumblr.com/post/744813157066915840/glad-that-does-a-22-hit-with-great,0,0,0
critical role,744812681332146176,text,2024-03-13 05:45:24 GMT,https://www.tumblr.com/blog/view/hoarding-stories/744812681332146176,0,0,0
critical role,744812067016589312,text,2024-03-13 05:35:38 GMT,https://the-relvin-temult.tumblr.com/post/744812067016589312/it-worked-im-a-good-fucking-faerie-quote-of,0,0,0
critical role,744811843230597120,text,2024-03-13 05:32:05 GMT,https://sparring-spirals.tumblr.com/post/744811843230597120/it-will-never-stop-being-endearing-the-way-the,0,0,0
critical role,744811802433552384,text,2024-03-13 05:31:26 GMT,https://www.tumblr.com/blog/view/hoarding-stories/744811802433552384,0,0,0
